{"train_loss": [8.360195273050556, 0.6896119501303744, 0.6835470740441922, 0.6627416836994665, 0.6537985898278378, 0.6441983782030918, 0.6309688999145119, 0.6263001701898046, 0.619095925103735], "dev_loss": [0.6971453428268433, 0.6883029341697693, 0.6863368153572083, 0.6917707324028015, 0.6590679287910461, 0.6479951739311218, 0.6376663446426392, 0.6358231902122498, 0.6532061696052551], "train_f1": [0.3821530170324776, 0.38062557412518394, 0.37978374516522445, 0.38021867349743843, 0.3808453897083247, 0.4019952105979125, 0.4160225137516304, 0.4286367208869369, 0.45590215728238775], "dev_f1": [0.35646146535873413, 0.3580721616744995, 0.3566693663597107, 0.3561384975910187, 0.35682404041290283, 0.362165629863739, 0.38377973437309265, 0.3733632266521454, 0.6043441295623779], "best_f1_dev": 0.6043441295623779, "best_loss_dev": 0.6358231902122498, "confusion_matrix": [[2507, 1865], [1255, 2266]]}