{"train_loss": [25.474534386570014, 0.7657255507209926, 0.7597894390809883, 0.7225966893353508, 0.8086364871089898, 0.6997361756065517, 0.6882382232008628, 0.6894213649833086, 0.6981999359084564, 0.6996316383185895, 0.6889504362078547, 0.6822665605730224, 0.6727603170478228, 0.6754521050499481, 0.6827221778989996, 0.6742603240661251, 0.6685617786009335, 0.6662843962317532, 0.666438291952448, 0.6660748899561687, 0.6634503203688316, 0.6697673126331811], "dev_loss": [0.8218795657157898, 0.7460421323776245, 0.791292667388916, 0.9378910660743713, 0.7927830219268799, 0.7069034576416016, 0.7198044657707214, 0.7041617631912231, 0.7589340806007385, 0.6728638410568237, 0.6778770685195923, 0.6673446297645569, 0.6977559924125671, 0.6523347496986389, 0.645893394947052, 0.6417686939239502, 0.6416256427764893, 0.638374388217926, 0.6374483704566956, 0.6452080011367798, 0.7171096801757812, 0.6362386345863342], "train_f1": [0.4029997335475625, 0.3948635259299602, 0.4005985086404004, 0.39480827010951, 0.39268613816464987, 0.384366678960115, 0.3801044005792118, 0.37359407862413274, 0.3799859728049306, 0.3792694659487715, 0.38006812391929257, 0.3865119554464099, 0.402129937722845, 0.4416407300430594, 0.48465699941209217, 0.46639245719585604, 0.4208511750674942, 0.470319056973874, 0.4906815753399747, 0.5069233511836784, 0.5146491909490049, 0.4610459839256064], "dev_f1": [0.38017940521240234, 0.38513919711112976, 0.40217265486717224, 0.48039764165878296, 0.4269532859325409, 0.3777400851249695, 0.3580964207649231, 0.3543156683444977, 0.3565407693386078, 0.37975436449050903, 0.35442590713500977, 0.3543156683444977, 0.3887181282043457, 0.3512420356273651, 0.7024323344230652, 0.35073384642601013, 0.3656780421733856, 0.35095033049583435, 0.7106831073760986, 0.7103570699691772, 0.7072423100471497, 0.3521846830844879], "best_f1_dev": 0.7106831073760986, "best_loss_dev": 0.6362386345863342, "confusion_matrix": [[2105, 0], [1786, 2]]}