{"train_loss": [6.766782100051642, 0.6752219659090042, 0.6552771319448948, 0.6201436325907708, 0.599223645478487, 0.5832168352603913, 0.5735091894865036, 0.5657696341723204, 0.5582951082289219, 0.5258496987819672, 0.47201565459370615, 0.45464659698307514, 0.4392941835522652, 0.43993765495717524, 0.4027238918840885, 0.3726634468883276, 0.3566607506945729, 0.35048522870987653, 0.3882224629819393, 0.3649323233217001, 0.32611129224300384, 0.33306722465902566, 0.3794721570983529, 0.33358620751649143, 0.3113817746192217, 0.34502036947757003], "dev_loss": [0.6976629495620728, 0.7099121809005737, 0.6892215609550476, 0.6409972310066223, 0.6453253030776978, 0.6125770211219788, 0.6050286889076233, 0.5975480079650879, 0.6263639330863953, 0.6322087645530701, 0.6127411127090454, 0.6023089289665222, 0.6441475749015808, 0.5460706949234009, 0.5555995106697083, 0.6720239520072937, 0.6307724714279175, 0.6151552200317383, 0.6214468479156494, 0.5735604763031006, 0.6512712836265564, 0.6132553815841675, 0.6560467481613159, 0.6595843434333801, 0.6366932392120361, 0.6161355376243591], "train_f1": [0.3732453113794327, 0.37179076865315436, 0.37376386612653734, 0.4854195359349251, 0.6260473029315472, 0.6582523266971111, 0.6685649996995926, 0.6730188222229481, 0.6769295054674148, 0.7111858390271664, 0.7642926701903343, 0.7792836692929268, 0.786390046030283, 0.7840816789865493, 0.8091882102191448, 0.8278853487968445, 0.836614616960287, 0.8414769503474235, 0.8218474669754505, 0.8383895552158356, 0.8550086484849453, 0.8545706371963024, 0.8243838630616664, 0.8518212047219277, 0.8652675805985928, 0.8482280454039574], "dev_f1": [0.35687702894210815, 0.35153117775917053, 0.35048365592956543, 0.6009345054626465, 0.5996851921081543, 0.6160027980804443, 0.6205964088439941, 0.61906898021698, 0.6042382121086121, 0.6099170446395874, 0.6772512197494507, 0.6797806024551392, 0.6676451563835144, 0.6975553035736084, 0.706176221370697, 0.6933287978172302, 0.7063523530960083, 0.716964602470398, 0.7167949676513672, 0.7188384532928467, 0.7096519470214844, 0.6817820072174072, 0.6744070053100586, 0.7052370309829712, 0.7214145660400391, 0.7224408388137817], "best_f1_dev": 0.7224408388137817, "best_loss_dev": 0.5460706949234009, "confusion_matrix": [[24601, 8016], [8635, 19218]]}