{"train_loss": [15.043849113825205, 0.7603482716792339, 0.6863951940794248, 0.6568395253774282, 0.6341725120673308, 0.6258833005621627, 0.6239000478306332, 0.6109837889671326, 0.6093216570647987, 0.6106946758321814, 0.6037158257252461, 0.5931616344967404, 0.5975663001472885, 0.5964027047157288, 0.5904533653645903, 0.5835194152754706, 0.5641780415096799, 0.5542692195724797, 0.5341487865190249, 0.5205175876617432, 0.5176077267608127, 0.5006705409771687, 0.4916853075091903, 0.47828816078804637, 0.4647261484249218, 0.44320799289522944, 0.43307041316419037, 0.41198549480051605, 0.3876603261844532, 0.3756016283421903, 0.3416276155291377, 0.3250155537515073, 0.3018943629152066, 0.2917418552411569, 0.29139899663828517, 0.28821411426808385, 0.2461000322490125, 0.24728268999102954, 0.24293368390283068, 0.21493424394646207, 0.17676888094157786, 0.16353164774340553, 0.15404428672548887, 0.16934070534802773, 0.15777002848886154, 0.12739802284694807, 0.1242764586129704, 0.1030451644312691, 0.10044327536849557, 0.09422562090755515, 0.10084336530417204, 0.11581392702017282, 0.10791470573560612, 0.0970528529503861, 0.08042019301068944, 0.08957340361902842, 0.07816637987019243, 0.07322851398085067, 0.08186165681360541, 0.10244757385068648, 0.0754350085893797, 0.06032332603668643, 0.0694329359433362, 0.05862164567853954, 0.0708111741806607, 0.07721266966011073, 0.0674591051615976, 0.06142309428872289, 0.06574131868074874, 0.05375852583234224, 0.04906429800698911, 0.05584564944729209, 0.06900428481733527, 0.07888331702899351, 0.08061939538330645, 0.07671772657792915, 0.09975242171738599, 0.09410353446681355, 0.06174831268553798, 0.044544597106004086, 0.0451896079718387, 0.03549674856854049, 0.036996981105452555, 0.06331957278165941, 0.0905377864239838, 0.06914868663895775, 0.09026609028601465, 0.07928084288849621, 0.08760249106263793, 0.047204144025296976, 0.04360251976302951, 0.03789759159947091], "dev_loss": [0.951798141002655, 0.7227262854576111, 0.6283279657363892, 0.6690130233764648, 0.6418718099594116, 0.6317334771156311, 0.6406943798065186, 0.6232926249504089, 0.6373242139816284, 0.622187614440918, 0.6316401958465576, 0.6235024333000183, 0.6434487700462341, 0.6272650957107544, 0.6482940912246704, 0.6250882148742676, 0.5967608690261841, 0.6087429523468018, 0.6034740805625916, 0.6129634380340576, 0.6137069463729858, 0.6588756442070007, 0.6314694881439209, 0.6376129984855652, 0.6459163427352905, 0.6521703600883484, 0.6861951351165771, 0.7481709122657776, 0.6929840445518494, 0.6646957397460938, 0.7418442964553833, 0.7484752535820007, 0.7879485487937927, 0.7892300486564636, 0.869356632232666, 0.8749299049377441, 0.9025612473487854, 0.7799500226974487, 0.9663946628570557, 0.9941185116767883, 1.0665154457092285, 1.1231448650360107, 1.086167335510254, 1.1480242013931274, 1.2127858400344849, 1.3086310625076294, 1.2793818712234497, 1.5565861463546753, 1.6439257860183716, 1.513323426246643, 1.8701549768447876, 1.5904420614242554, 1.5494376420974731, 1.5788134336471558, 1.8981101512908936, 1.5387067794799805, 1.7806495428085327, 1.817063808441162, 2.017503499984741, 1.7700603008270264, 1.8091278076171875, 2.043198347091675, 2.2158193588256836, 2.2057132720947266, 2.1614749431610107, 2.043426513671875, 2.1778905391693115, 2.1476666927337646, 2.4211583137512207, 2.6484498977661133, 2.436436653137207, 2.373932123184204, 3.060316801071167, 2.7238893508911133, 2.658419370651245, 2.6271491050720215, 2.199254035949707, 2.3421432971954346, 2.3709654808044434, 2.768311023712158, 2.832204580307007, 2.9723455905914307, 2.8526766300201416, 2.8342740535736084, 2.773078203201294, 2.7941601276397705, 3.089167594909668, 3.1252450942993164, 2.7391908168792725, 3.1527273654937744, 3.5228357315063477, 2.929940700531006], "train_f1": [0.5225875997865522, 0.5107926355825888, 0.46675021261782257, 0.4915545325021486, 0.4651873176162307, 0.44589232754062963, 0.49077364882907354, 0.49327762304125605, 0.4934732688439859, 0.492596993575225, 0.4869104245224515, 0.5815819977103053, 0.5392368427804999, 0.555833106105392, 0.5480811918104017, 0.5971116705520733, 0.611602018008361, 0.6258767923793277, 0.6540287668640549, 0.6664112999632552, 0.6716860838838525, 0.6944708840267079, 0.704656720161438, 0.7197630179894937, 0.7318018964819006, 0.7545198057148907, 0.7670198469548613, 0.7917129542376544, 0.8070801287084013, 0.8153770404892999, 0.8354192649995958, 0.8453598473523114, 0.8591526166812794, 0.8669733630644308, 0.8734216690063477, 0.8691637354928095, 0.8871200326326731, 0.8902147637831198, 0.8910985589027405, 0.9038936721312033, 0.9233232704368798, 0.9307868915635187, 0.9340608877104681, 0.9345074585966162, 0.9312937259674072, 0.9501565147090603, 0.9518451142955471, 0.957183296616013, 0.9583831767778139, 0.9599527442777479, 0.9597085053856308, 0.956788046939953, 0.9566748093914341, 0.9613301898982074, 0.9690182772842614, 0.9660618369643753, 0.9724773974032015, 0.9717720972525107, 0.9728539392754838, 0.962129439856555, 0.9723557604325784, 0.9768661615010854, 0.9752109920656359, 0.9800018168784477, 0.9729648119694477, 0.9706660074156683, 0.9776865727192646, 0.9778631651723707, 0.9778865028072048, 0.9816832139685348, 0.982814870976113, 0.9797676221744435, 0.9774700789838224, 0.9731374705159986, 0.973946521411071, 0.9725330939164033, 0.9692295644734357, 0.9661356935629973, 0.9788843908825436, 0.9833332477389155, 0.9843791884344977, 0.9861671972919155, 0.9875638968235737, 0.978915096940221, 0.9711122013427116, 0.979784066612656, 0.9714208486917857, 0.9743507955525372, 0.9730184738700455, 0.9848229949538773, 0.9856586150220923, 0.987080105253168], "dev_f1": [0.5891464352607727, 0.4485311508178711, 0.4350518584251404, 0.5529600977897644, 0.4559491276741028, 0.45509573817253113, 0.45824432373046875, 0.4526256322860718, 0.4418162703514099, 0.5185596942901611, 0.4828455448150635, 0.55118328332901, 0.509303867816925, 0.5404456853866577, 0.5527201890945435, 0.5986262559890747, 0.6097798347473145, 0.5968026518821716, 0.5816372632980347, 0.5913070440292358, 0.5980485677719116, 0.5972648859024048, 0.6096740961074829, 0.6013694405555725, 0.6226221323013306, 0.632710874080658, 0.6464768648147583, 0.6429691314697266, 0.6671898365020752, 0.6846078634262085, 0.6874804496765137, 0.6780704259872437, 0.6933683156967163, 0.6988809108734131, 0.7043273448944092, 0.694563627243042, 0.691508412361145, 0.7060092687606812, 0.7180266380310059, 0.6945052742958069, 0.6873555779457092, 0.7120978832244873, 0.7012972235679626, 0.7103550434112549, 0.7074575424194336, 0.7013986110687256, 0.6941758990287781, 0.6821022629737854, 0.6951536536216736, 0.6989062428474426, 0.690201997756958, 0.7124683856964111, 0.7032840847969055, 0.7018252611160278, 0.6853634119033813, 0.7144821882247925, 0.7104363441467285, 0.7205479741096497, 0.6933915615081787, 0.7308230996131897, 0.7007695436477661, 0.7219283580780029, 0.7021787762641907, 0.7110591530799866, 0.7156263589859009, 0.712111234664917, 0.7046912908554077, 0.6963593363761902, 0.6974642276763916, 0.6918424367904663, 0.712513267993927, 0.6928006410598755, 0.6972301006317139, 0.7140754461288452, 0.691899299621582, 0.7059978246688843, 0.7289220690727234, 0.697221040725708, 0.7033905982971191, 0.6948069334030151, 0.7155222296714783, 0.716717004776001, 0.6933193206787109, 0.7091619968414307, 0.7091101408004761, 0.7160987854003906, 0.6960416436195374, 0.7112396955490112, 0.7186346054077148, 0.7111937403678894, 0.6896745562553406, 0.7329520583152771], "best_f1_dev": 0.7329520583152771, "best_loss_dev": 0.5967608690261841, "confusion_matrix": [[2342, 591], [766, 1514]]}