{"train_loss": [100.13335139221616, 0.6735577318403456, 0.6592727656717654, 0.662050430421476, 0.6534732469805965, 0.6595737315990307, 0.6576915780703226, 0.6430065322805334, 0.6291781001620822, 0.6096823127181442, 0.6069011622005038, 0.5950945991056936, 0.587853213151296, 0.582821442021264, 0.577506994759595], "dev_loss": [0.822099506855011, 0.695723831653595, 0.7035504579544067, 0.6902980804443359, 0.7338882684707642, 0.7064425349235535, 0.6838058829307556, 0.6591624021530151, 0.6687828302383423, 0.6603723764419556, 0.6571042537689209, 0.6847525238990784, 0.6809251308441162, 0.671358048915863, 0.6492307186126709], "train_f1": [0.42949561388404284, 0.39901399833184703, 0.40343164183475355, 0.41456463822612055, 0.40938690304756165, 0.41915907352058973, 0.42484390404489303, 0.43855957521332634, 0.46112112204233807, 0.4650061770721718, 0.497096378494192, 0.538873846884127, 0.5612635358616158, 0.5751478009753757, 0.6043202656286734], "dev_f1": [0.37388941645622253, 0.37412309646606445, 0.41802293062210083, 0.4041179418563843, 0.39524319767951965, 0.4260600805282593, 0.4256019592285156, 0.43771690130233765, 0.46084436774253845, 0.4744779169559479, 0.4886327385902405, 0.5312597155570984, 0.558116614818573, 0.5487672090530396, 0.5805432796478271], "best_f1_dev": 0.5805432796478271, "best_loss_dev": 0.6492307186126709, "confusion_matrix": [[3500, 760], [2114, 1186]]}