{"train_loss": [15.043849113825205, 0.7603482716792339, 0.6863951940794248, 0.6568395253774282, 0.6341725120673308, 0.6258833005621627, 0.6239000478306332, 0.6109837889671326, 0.6093216570647987, 0.6106946758321814, 0.6037158257252461, 0.5931616344967404, 0.5975663001472885, 0.5964027047157288, 0.5904533653645903, 0.5835194152754706, 0.5641780415096799], "dev_loss": [0.951798141002655, 0.7227262854576111, 0.6283279657363892, 0.6690130233764648, 0.6418718099594116, 0.6317334771156311, 0.6406943798065186, 0.6232926249504089, 0.6373242139816284, 0.622187614440918, 0.6316401958465576, 0.6235024333000183, 0.6434487700462341, 0.6272650957107544, 0.6482940912246704, 0.6250882148742676, 0.5967608690261841], "train_f1": [0.5225875997865522, 0.5107926355825888, 0.46675021261782257, 0.4915545325021486, 0.4651873176162307, 0.44589232754062963, 0.49077364882907354, 0.49327762304125605, 0.4934732688439859, 0.492596993575225, 0.4869104245224515, 0.5815819977103053, 0.5392368427804999, 0.555833106105392, 0.5480811918104017, 0.5971116705520733, 0.611602018008361], "dev_f1": [0.5891464352607727, 0.4485311508178711, 0.4350518584251404, 0.5529600977897644, 0.4559491276741028, 0.45509573817253113, 0.45824432373046875, 0.4526256322860718, 0.4418162703514099, 0.5185596942901611, 0.4828455448150635, 0.55118328332901, 0.509303867816925, 0.5404456853866577, 0.5527201890945435, 0.5986262559890747, 0.6097798347473145], "best_f1_dev": 0.6097798347473145, "best_loss_dev": 0.5967608690261841, "confusion_matrix": [[2401, 532], [1342, 938]]}