{"train_loss": [33.49715139593397, 0.7071233987808228, 0.7600326868465969, 0.695577939578465, 0.7114137860706874, 0.6959300592967442, 0.6997080680302211, 0.6841195525441851, 0.6825471898487636, 0.6851016541889735, 0.7042229652404786, 0.6834493224961417, 0.6831805603844779, 0.6772714386667524, 0.6773420803887503, 0.6774218790871757, 0.6767645961897714, 0.6803994120870318, 0.7149023944990975, 0.6765327487673078, 0.678157639503479, 0.6826268407276699, 0.675907735143389, 0.6777331284114293, 0.6762813115119934, 0.6758827686309814, 0.6770399638584682, 0.6759024599620275, 0.6782549445969718], "dev_loss": [0.7055416703224182, 0.7035171985626221, 0.7050953507423401, 0.6986303329467773, 0.7041631937026978, 0.6981039047241211, 0.6961188316345215, 0.6961371302604675, 0.6953763365745544, 0.7009035348892212, 0.6954762935638428, 0.7044423818588257, 0.6957805752754211, 0.694767415523529, 0.697811484336853, 0.6950810551643372, 0.6949278712272644, 0.7011377215385437, 0.6946768164634705, 0.6949630975723267, 0.7102797031402588, 0.6946252584457397, 0.6946168541908264, 0.6946378350257874, 0.6948067545890808, 0.6945551037788391, 0.6945887804031372, 0.6945860385894775, 0.6945512294769287], "train_f1": [0.3812093359231949, 0.37641814964158193, 0.3749638644286564, 0.3767326475892748, 0.3737775754928589, 0.37504082202911376, 0.3758969163894653, 0.3737764346599579, 0.37333480834960936, 0.37455248730523244, 0.3738060826914651, 0.3739790081977844, 0.37326851657458715, 0.37351408532687597, 0.37319968444960455, 0.3730295637675694, 0.37304776174681525, 0.37314672231674195, 0.3743947972570147, 0.37308526498930794, 0.37361850449017114, 0.3732830233233316, 0.3730687579086849, 0.37306921873773846, 0.37304959075791494, 0.37308526498930794, 0.37308526498930794, 0.37308526498930794, 0.37306760277066914], "dev_f1": [0.3578719198703766, 0.3546809256076813, 0.3553018569946289, 0.3542655110359192, 0.3529653251171112, 0.35265064239501953, 0.3528759479522705, 0.3526255488395691, 0.3532480001449585, 0.35277196764945984, 0.3526255488395691, 0.3528042137622833, 0.3526255488395691, 0.35272201895713806, 0.3525933623313904, 0.35272201895713806, 0.35272201895713806, 0.3528437912464142, 0.3530620336532593, 0.35272201895713806, 0.35272201895713806, 0.35272201895713806, 0.35272201895713806, 0.35272201895713806, 0.35272201895713806, 0.35272201895713806, 0.35272201895713806, 0.35272201895713806, 0.35272201895713806], "best_f1_dev": 0.3578719198703766, "best_loss_dev": 0.6945512294769287, "confusion_matrix": [[7101, 0], [5930, 0]]}