{"train_loss": [33.49715139593397, 0.7071233987808228, 0.7600326868465969, 0.695577939578465, 0.7114137860706874, 0.6959300592967442, 0.6997080680302211, 0.6841195525441851, 0.6825471898487636, 0.6851016541889735, 0.7042229652404786, 0.6834493224961417, 0.6831805603844779, 0.6772714386667524, 0.6773420803887503, 0.6774218790871757, 0.6767645961897714, 0.6803994120870318, 0.7149023944990975, 0.6765327487673078, 0.678157639503479, 0.6826268407276699, 0.675907735143389, 0.6777331284114293, 0.6762813115119934, 0.6758827686309814, 0.6770399638584682, 0.6759024599620275, 0.6782549445969718, 0.6759213386263166, 0.6759031278746469, 0.6759094711712429, 0.6759034276008606, 0.6759035386357989, 0.6759036374092102, 0.675903707572392, 0.6760687334196908, 0.6759037988526481, 0.6759038383620126, 0.6759038731030056, 0.6759039146559579, 0.6759039419037955, 0.6759039684704372, 0.6759039906093053, 0.6759040018490382, 0.675904016835349, 0.6759040216037205, 0.6759040304592677, 0.6759040362494333, 0.6759040468079703, 0.6759040464673723, 0.6759040563447135, 0.6759040580477034, 0.6759040573665074, 0.6759040665626526, 0.6759040703092303, 0.6759040669032506, 0.6759040686062404, 0.675904073034014, 0.6759040706498283, 0.6759040703092303, 0.6759040713310241, 0.6759040743964059, 0.6759040689468384, 0.6759040672438485, 0.6759040692874364, 0.6759040706498283, 0.675904073374612, 0.6759040740558079, 0.6759040723528181, 0.6759040774617876, 0.6759040743964059, 0.6759040723528181, 0.6759040713310241, 0.676227502482278, 0.682366919858115, 0.6759041919027056, 0.6759041452407837, 0.6759041319574629, 0.6759041244643075, 0.6759041176523481, 0.6759041135651724, 0.6759041087968009, 0.6759041057314191, 0.6759040927886963, 0.6759040852955409, 0.6759040852955409, 0.6759040863173349, 0.675904084614345, 0.6759040832519532, 0.6759040825707572, 0.6759040798459734, 0.6759040757587977, 0.6759040767805917, 0.6759040795053755, 0.6759040743964059, 0.6759040692874364, 0.6759040740558079, 0.6759040709904262, 0.6759040760993957, 0.675904072693416, 0.675904073034014, 0.675904073374612, 0.6759040740558079, 0.6759040760993957, 0.6759040764399937, 0.6759040706498283, 0.6759040740558079, 0.675904073034014, 0.675904073034014, 0.675904073034014, 0.675904073034014, 0.675904073034014, 0.675904073034014, 0.675904073034014, 0.675904073034014, 0.675904073034014, 0.675904073034014, 0.675904073034014, 0.675904073034014, 0.675904073034014, 0.675904073034014, 0.675904073034014, 0.675904073034014, 0.675904073034014], "dev_loss": [0.7055416703224182, 0.7035171985626221, 0.7050953507423401, 0.6986303329467773, 0.7041631937026978, 0.6981039047241211, 0.6961188316345215, 0.6961371302604675, 0.6953763365745544, 0.7009035348892212, 0.6954762935638428, 0.7044423818588257, 0.6957805752754211, 0.694767415523529, 0.697811484336853, 0.6950810551643372, 0.6949278712272644, 0.7011377215385437, 0.6946768164634705, 0.6949630975723267, 0.7102797031402588, 0.6946252584457397, 0.6946168541908264, 0.6946378350257874, 0.6948067545890808, 0.6945551037788391, 0.6945887804031372, 0.6945860385894775, 0.6945512294769287, 0.6945822238922119, 0.694580614566803, 0.6945791840553284, 0.6945780515670776, 0.694577157497406, 0.6945762634277344, 0.6945756673812866, 0.6945767402648926, 0.6945750713348389, 0.6945745944976807, 0.6945741176605225, 0.6945738196372986, 0.694573700428009, 0.6945735216140747, 0.6945732235908508, 0.6945775747299194, 0.6945731043815613, 0.6945730447769165, 0.694572925567627, 0.6945728659629822, 0.6945728659629822, 0.6945727467536926, 0.6945728063583374, 0.6945726275444031, 0.6945726275444031, 0.6945726275444031, 0.6945726275444031, 0.6945725679397583, 0.6945726275444031, 0.6945726275444031, 0.6945725083351135, 0.6945726275444031, 0.6945726275444031, 0.6945726275444031, 0.6945726275444031, 0.6945725679397583, 0.6945725679397583, 0.6945725083351135, 0.6945725679397583, 0.6945725083351135, 0.6945725083351135, 0.6945725679397583, 0.6945725083351135, 0.6945725679397583, 0.6945725679397583, 0.6945717930793762, 0.6945716142654419, 0.6945717334747314, 0.6945719122886658, 0.6945719718933105, 0.6945720314979553, 0.6945722103118896, 0.6945722103118896, 0.6945723295211792, 0.6945723295211792, 0.6945723295211792, 0.6945723295211792, 0.6945723295211792, 0.6945725083351135, 0.6945725083351135, 0.6945725083351135, 0.6945725083351135, 0.6945725083351135, 0.6945725083351135, 0.6945725083351135, 0.6945725679397583, 0.6945725679397583, 0.6945725679397583, 0.6945725679397583, 0.6945725083351135, 0.6945725083351135, 0.6945725083351135, 0.6945726275444031, 0.6945726275444031, 0.6945726275444031, 0.6945725083351135, 0.6945726275444031, 0.6945725083351135, 0.6945725083351135, 0.6945725083351135, 0.6945725083351135, 0.6945725083351135, 0.6945725083351135, 0.6945725083351135, 0.6945725083351135, 0.6945725083351135, 0.6945725083351135, 0.6945725083351135, 0.6945725083351135, 0.6945725083351135, 0.6945725083351135, 0.6945725083351135, 0.6945725083351135, 0.6945725083351135, 0.6945725083351135, 0.6945725083351135], "train_f1": [0.3812093359231949, 0.37641814964158193, 0.3749638644286564, 0.3767326475892748, 0.3737775754928589, 0.37504082202911376, 0.3758969163894653, 0.3737764346599579, 0.37333480834960936, 0.37455248730523244, 0.3738060826914651, 0.3739790081977844, 0.37326851657458715, 0.37351408532687597, 0.37319968444960455, 0.3730295637675694, 0.37304776174681525, 0.37314672231674195, 0.3743947972570147, 0.37308526498930794, 0.37361850449017114, 0.3732830233233316, 0.3730687579086849, 0.37306921873773846, 0.37304959075791494, 0.37308526498930794, 0.37308526498930794, 0.37308526498930794, 0.37306760277066914, 0.37306612764086045, 0.37308526498930794, 0.37308526498930794, 0.37308526498930794, 0.37308526498930794, 0.37308526498930794, 0.37308526498930794, 0.37308526498930794, 0.37308526498930794, 0.37308526498930794, 0.37308526498930794, 0.37308526498930794, 0.37308526498930794, 0.37308526498930794, 0.37308526498930794, 0.37308526498930794, 0.37308526498930794, 0.37308526498930794, 0.37308526498930794, 0.37308526498930794, 0.37308526498930794, 0.37308526498930794, 0.37308526498930794, 0.37308526498930794, 0.37308526498930794, 0.37308526498930794, 0.37308526498930794, 0.37308526498930794, 0.37308526498930794, 0.37308526498930794, 0.37308526498930794, 0.37308526498930794, 0.37308526498930794, 0.37308526498930794, 0.37308526498930794, 0.37308526498930794, 0.37308526498930794, 0.37308526498930794, 0.37308526498930794, 0.37308526498930794, 0.37308526498930794, 0.37308526498930794, 0.37308526498930794, 0.37308526498930794, 0.37308526498930794, 0.37308526498930794, 0.37306760277066914, 0.37308526498930794, 0.37308526498930794, 0.37308526498930794, 0.37308526498930794, 0.37308526498930794, 0.37308526498930794, 0.37308526498930794, 0.37308526498930794, 0.37308526498930794, 0.37308526498930794, 0.37308526498930794, 0.37308526498930794, 0.37308526498930794, 0.37308526498930794, 0.37308526498930794, 0.37308526498930794, 0.37308526498930794, 0.37308526498930794, 0.37308526498930794, 0.37308526498930794, 0.37308526498930794, 0.37308526498930794, 0.37308526498930794, 0.37308526498930794, 0.37308526498930794, 0.37308526498930794, 0.37308526498930794, 0.37308526498930794, 0.37308526498930794, 0.37308526498930794, 0.37308526498930794, 0.37308526498930794, 0.37308526498930794, 0.37308526498930794, 0.37308526498930794, 0.37308526498930794, 0.37308526498930794, 0.37308526498930794, 0.37308526498930794, 0.37308526498930794, 0.37308526498930794, 0.37308526498930794, 0.37308526498930794, 0.37308526498930794, 0.37308526498930794, 0.37308526498930794, 0.37308526498930794, 0.37308526498930794, 0.37308526498930794],