{"train_loss": [33.49715139593397], "dev_loss": [0.7055416703224182], "train_f1": [0.3812093359231949], "dev_f1": [0.3578719198703766], "best_f1_dev": 0.3578719198703766, "best_loss_dev": 0.7055416703224182, "confusion_matrix": [[7039, 62], [5891, 39]]}