{"train_loss": [8.5155338039938, 0.6540605897048735, 0.6252891979127561, 0.5973690028460521, 0.6022447772745816], "dev_loss": [0.7290156483650208, 0.6541442275047302, 0.6253565549850464, 0.6435176730155945, 0.5804921984672546], "train_f1": [0.5175766633928947, 0.5752767370556885, 0.5376789593471671, 0.5247993908963113, 0.5243415323068511], "dev_f1": [0.5504761934280396, 0.5221536159515381, 0.5923609137535095, 0.5384685397148132, 0.525901198387146], "best_f1_dev": 0.5923609137535095, "best_loss_dev": 0.5804921984672546, "confusion_matrix": [[2595, 87], [1653, 378]]}