{"train_loss": [12.732113120036248, 1.050120869049659, 0.7159040634448711, 0.6835968959025848, 0.694319862432969, 0.677258965296623, 0.6696071066917517, 0.6682564874490102, 0.6683566289070325], "dev_loss": [0.835109293460846, 0.7276914715766907, 0.679928183555603, 0.6689869165420532, 0.6934801936149597, 0.6908666491508484, 0.6908289790153503, 0.6909086108207703, 0.6916087865829468], "train_f1": [0.39305570014776325, 0.3946650808438277, 0.3878515898417204, 0.385064203846149, 0.3883472761282554, 0.38045835624902674, 0.37954566715619503, 0.3795315003547913, 0.38004761238892876], "dev_f1": [0.36376696825027466, 0.36111849546432495, 0.35889267921447754, 0.35921481251716614, 0.3579563498497009, 0.3579563498497009, 0.3579563498497009, 0.3579563498497009, 0.5344188809394836], "best_f1_dev": 0.5344188809394836, "best_loss_dev": 0.6689869165420532, "confusion_matrix": [[4522, 3367], [3155, 3106]]}