{"train_loss": [0.8273492937996274, 0.5999926640873864, 0.5722469971293495, 0.5538858459109351, 0.5384302323772794, 0.5249475226515815, 0.5097883239624992, 0.48495068010829745, 0.4687615992530944, 0.4509490378319271, 0.43037377889194184, 0.41961837240627836], "dev_loss": [0.6606916785240173, 0.6702269315719604, 0.6420572400093079, 0.6462466716766357, 0.6663475632667542, 0.6484565734863281, 0.6621326208114624, 0.64357590675354, 0.6157109141349792, 0.6276285648345947, 0.6065983176231384, 0.5784065127372742], "train_f1": [0.513112558731957, 0.6523204871586391, 0.6794000192294045, 0.6952543126212226, 0.7112335761388143, 0.726146315771436, 0.733062377997807, 0.7536505574271792, 0.7724309487948342, 0.7845131452121432, 0.7945547340408204, 0.8000976414907546], "dev_f1": [0.5921310186386108, 0.5833398103713989, 0.6067541837692261, 0.6119434237480164, 0.5918532013893127, 0.607204794883728, 0.607094407081604, 0.6179190874099731, 0.630911111831665, 0.6229857206344604, 0.6480305790901184, 0.6651996374130249], "best_f1_dev": 0.6651996374130249, "best_loss_dev": 0.5784065127372742, "confusion_matrix": [[1876, 714], [887, 1360]]}