{"train_loss": [1.0157093188625714, 0.5939545789466047], "dev_loss": [0.6729913353919983, 0.6080369353294373], "train_f1": [0.6213364201468992, 0.5815335118817287], "dev_f1": [0.6024523377418518, 0.6467005014419556], "best_f1_dev": 0.6467005014419556, "best_loss_dev": 0.6080369353294373, "confusion_matrix": [[14816, 16433], [3577, 22959]]}