{"train_loss": [8.360195273050556, 0.6896119501303744, 0.6835470740441922, 0.6627416836994665, 0.6537985898278378, 0.6441983782030918, 0.6309688999145119, 0.6263001701898046, 0.619095925103735, 0.6125097616955086, 0.6118852689310357, 0.6088090373410119, 0.6038235823313395, 0.600194746973338, 0.5918275729097702, 0.5974017345794925, 0.5946260217439245, 0.5859917807910178, 0.5898559995823436, 0.5881097135996377, 0.5752706497355744, 0.5763283947275745], "dev_loss": [0.6971453428268433, 0.6883029341697693, 0.6863368153572083, 0.6917707324028015, 0.6590679287910461, 0.6479951739311218, 0.6376663446426392, 0.6358231902122498, 0.6532061696052551, 0.6484366059303284, 0.6748974919319153, 0.6521027684211731, 0.6551116704940796, 0.6612148284912109, 0.6609525680541992, 0.650093138217926, 0.6633572578430176, 0.629990816116333, 0.6370006799697876, 0.656359076499939, 0.6744132041931152, 0.6275083422660828], "train_f1": [0.3821530170324776, 0.38062557412518394, 0.37978374516522445, 0.38021867349743843, 0.3808453897083247, 0.4019952105979125, 0.4160225137516304, 0.4286367208869369, 0.45590215728238775, 0.5041108110712634, 0.5027342375229906, 0.5622994165729593, 0.5674859424708066, 0.5909051132146959, 0.6278096655452693, 0.5984823484387662, 0.612611307176175, 0.6089127717746629, 0.5981578305363655, 0.6158572500226674, 0.6327294169200791, 0.6276339644359218], "dev_f1": [0.35646146535873413, 0.3580721616744995, 0.3566693663597107, 0.3561384975910187, 0.35682404041290283, 0.362165629863739, 0.38377973437309265, 0.3733632266521454, 0.6043441295623779, 0.6004910469055176, 0.5882351994514465, 0.6009333729743958, 0.585902214050293, 0.3889358639717102, 0.5781767964363098, 0.5940589904785156, 0.4153975248336792, 0.4544154703617096, 0.43829426169395447, 0.49633145332336426, 0.5847821831703186, 0.5128522515296936], "best_f1_dev": 0.6043441295623779, "best_loss_dev": 0.6275083422660828, "confusion_matrix": [[4152, 220], [2869, 652]]}