{"train_loss": [15.989513102093259, 0.9860908360094638], "dev_loss": [1.9837393760681152, 0.7009856104850769], "train_f1": [0.39609859646172135, 0.40464829444079786], "dev_f1": [0.40645143389701843, 0.42240339517593384], "best_f1_dev": 0.42240339517593384, "best_loss_dev": 0.7009856104850769, "confusion_matrix": [[3430, 359], [2914, 330]]}