{"train_loss": [12.732113120036248, 1.050120869049659, 0.7159040634448711, 0.6835968959025848], "dev_loss": [0.835109293460846, 0.7276914715766907, 0.679928183555603, 0.6689869165420532], "train_f1": [0.39305570014776325, 0.3946650808438277, 0.3878515898417204, 0.385064203846149], "dev_f1": [0.36376696825027466, 0.36111849546432495, 0.35889267921447754, 0.35921481251716614], "best_f1_dev": 0.36376696825027466, "best_loss_dev": 0.6689869165420532, "confusion_matrix": [[7878, 11], [6252, 9]]}