{"train_loss": [8.5155338039938, 0.6540605897048735, 0.6252891979127561, 0.5973690028460521, 0.6022447772745816, 0.5929821207838238, 0.5832977688537454, 0.5819218097992663], "dev_loss": [0.7290156483650208, 0.6541442275047302, 0.6253565549850464, 0.6435176730155945, 0.5804921984672546, 0.6065686941146851, 0.613093376159668, 0.6754082441329956], "train_f1": [0.5175766633928947, 0.5752767370556885, 0.5376789593471671, 0.5247993908963113, 0.5243415323068511, 0.45980618258692185, 0.561365377228215, 0.5892398309032872], "dev_f1": [0.5504761934280396, 0.5221536159515381, 0.5923609137535095, 0.5384685397148132, 0.525901198387146, 0.36610403656959534, 0.5726946592330933, 0.6167995929718018], "best_f1_dev": 0.6167995929718018, "best_loss_dev": 0.5804921984672546, "confusion_matrix": [[1445, 1237], [569, 1462]]}