{"train_loss": [1.0157093188625714, 0.5939545789466047, 0.6737533132144428, 0.6766741176770499, 0.6766744648974495, 0.6766744813743211, 0.6766744822302624, 0.676674481646666, 0.677103485454934, 0.6766745457060965, 0.6766744849926186, 0.6766744814910403, 0.676674481646666, 0.676674481646666, 0.676674481646666, 0.676674481646666, 0.676674481646666, 0.676674481646666, 0.676674481646666, 0.676674481646666, 0.676674481646666, 0.676674481646666, 0.676674481646666, 0.676674481646666, 0.676674481646666, 0.676674481646666, 0.676674481646666, 0.676674481646666, 0.676674481646666, 0.676674481646666, 0.676674481646666, 0.676674481646666, 0.676674481646666, 0.676674481646666, 0.676674481646666, 0.676674481646666, 0.676674481646666, 0.676674481646666, 0.676674481646666, 0.676674481646666, 0.676674481646666, 0.676674481646666, 0.676674481646666, 0.676674481646666, 0.676674481646666, 0.676674481646666, 0.676674481646666, 0.676674481646666, 0.676674481646666, 0.676674481646666, 0.676674481646666, 0.676674481646666, 0.676674481646666, 0.676674481646666, 0.676674481646666, 0.676674481646666, 0.676674481646666, 0.676674481646666, 0.676674481646666, 0.676674481646666, 0.676674481646666, 0.6841529365580324, 0.6766744758496085, 0.6766744818411982, 0.6766744822497156, 0.676674481646666, 0.676674481646666, 0.676674481646666, 0.676674481646666, 0.676674481646666, 0.676674481646666, 0.676674481646666, 0.676674481646666, 0.676674481646666, 0.676674481646666, 0.676674481646666, 0.676674481646666, 0.676674481646666, 0.6776855992002525, 0.677120176195009, 0.6766744713948227, 0.6766744810825228, 0.6766744822497156, 0.676674481646666, 0.676674481646666, 0.676674481646666, 0.676674481646666, 0.676674481646666, 0.676674481646666, 0.676674481646666, 0.676674481646666, 0.676674481646666, 0.676674481646666, 0.676674481646666, 0.676674481646666, 0.676674481646666, 0.676674481646666, 0.676674481646666, 0.676674481646666, 0.676674481646666, 0.676674481646666, 0.676674481646666, 0.676674481646666, 0.676674481646666, 0.676674481646666, 0.676674481646666, 0.676674481646666, 0.676674481646666, 0.676674481646666, 0.676674481646666, 0.676674481646666, 0.676674481646666, 0.676674481646666, 0.676674481646666, 0.676674481646666, 0.676674481646666, 0.676674481646666, 0.676674481646666, 0.676674481646666, 0.676674481646666, 0.676674481646666, 0.676674481646666, 0.676674481646666, 0.676674481646666, 0.676674481646666], "dev_loss": [0.6729913353919983, 0.6080369353294373, 0.6969952583312988, 0.6970009803771973, 0.6970010995864868, 0.697272002696991, 0.6970009803771973, 0.6971707344055176, 0.6970023512840271, 0.6970012784004211, 0.6970010995864868, 0.6970009803771973, 0.6970009803771973, 0.6970009803771973, 0.6970009803771973, 0.6970009803771973, 0.6970009803771973, 0.6970009803771973, 0.6970009803771973, 0.6970009803771973, 0.6970009803771973, 0.6970009803771973, 0.6970009803771973, 0.6970009803771973, 0.6970009803771973, 0.6970009803771973, 0.6970009803771973, 0.6970009803771973, 0.6970009803771973, 0.6970009803771973, 0.6970009803771973, 0.6970009803771973, 0.6970009803771973, 0.6970009803771973, 0.6970009803771973, 0.6970009803771973, 0.6970009803771973, 0.6970009803771973, 0.6970009803771973, 0.6970009803771973, 0.6970009803771973, 0.6970009803771973, 0.6970009803771973, 0.6970009803771973, 0.6970009803771973, 0.6970009803771973, 0.6970009803771973, 0.6970009803771973, 0.6970009803771973, 0.6970009803771973, 0.6970009803771973, 0.6970009803771973, 0.6970009803771973, 0.6970009803771973, 0.6970009803771973, 0.6970009803771973, 0.6970009803771973, 0.6970009803771973, 0.6970009803771973, 0.6970009803771973, 0.6970009803771973, 0.6970012187957764, 0.6970010995864868, 0.6970009803771973, 0.6970009803771973, 0.6970009803771973, 0.6970009803771973, 0.6970009803771973, 0.6970009803771973, 0.6970009803771973, 0.6970009803771973, 0.6970009803771973, 0.6970009803771973, 0.6970009803771973, 0.6970009803771973, 0.6970009803771973, 0.6970009803771973, 0.6970009803771973, 0.6969980597496033, 0.6970010995864868, 0.6970010995864868, 0.6970009803771973, 0.6970009803771973, 0.6970009803771973, 0.6970009803771973, 0.6970009803771973, 0.6970009803771973, 0.6970009803771973, 0.6970009803771973, 0.6970009803771973, 0.6970009803771973, 0.6970009803771973, 0.6970009803771973, 0.6970009803771973, 0.6970009803771973, 0.6970009803771973, 0.6970009803771973, 0.6970009803771973, 0.6970009803771973, 0.6970009803771973, 0.6970009803771973, 0.6970009803771973, 0.6970009803771973, 0.6970009803771973, 0.6970009803771973, 0.6970009803771973, 0.6970009803771973, 0.6970009803771973, 0.6970009803771973, 0.6970009803771973, 0.6970009803771973, 0.6970009803771973, 0.6970009803771973, 0.6970009803771973, 0.6970009803771973, 0.6970009803771973, 0.6970009803771973, 0.6970009803771973, 0.6970009803771973, 0.6970009803771973, 0.6970009803771973, 0.6970009803771973, 0.6970009803771973, 0.6970009803771973, 0.6970009803771973], "train_f1": [0.6213364201468992, 0.5815335118817287, 0.37183752702184353, 0.37010816161280047, 0.37010816161280047, 0.37010816161280047, 0.37010816161280047, 0.37010816161280047, 0.37010451246237785, 0.37010816161280047, 0.37010816161280047, 0.37010816161280047, 0.37010816161280047, 0.37010816161280047, 0.37010816161280047, 0.37010816161280047, 0.37010816161280047, 0.37010816161280047, 0.37010816161280047, 0.37010816161280047, 0.37010816161280047, 0.37010816161280047, 0.37010816161280047, 0.37010816161280047, 0.37010816161280047, 0.37010816161280047, 0.37010816161280047, 0.37010816161280047, 0.37010816161280047, 0.37010816161280047, 0.37010816161280047, 0.37010816161280047, 0.37010816161280047, 0.37010816161280047, 0.37010816161280047, 0.37010816161280047, 0.37010816161280047, 0.37010816161280047, 0.37010816161280047, 0.37010816161280047, 0.37010816161280047, 0.37010816161280047, 0.37010816161280047, 0.37010816161280047, 0.37010816161280047, 0.37010816161280047, 0.37010816161280047, 0.37010816161280047, 0.37010816161280047, 0.37010816161280047, 0.37010816161280047, 0.37010816161280047, 0.37010816161280047, 0.37010816161280047, 0.37010816161280047, 0.37010816161280047, 0.37010816161280047, 0.37010816161280047, 0.37010816161280047, 0.37010816161280047, 0.37010816161280047, 0.3701038988107723, 0.37010816161280047, 0.37010816161280047, 0.37010816161280047, 0.37010816161280047, 0.37010816161280047, 0.37010816161280047, 0.37010816161280047, 0.37010816161280047, 0.37010816161280047, 0.37010816161280047, 0.37010816161280047, 0.37010816161280047, 0.37010816161280047, 0.37010816161280047, 0.37010816161280047, 0.37010816161280047, 0.37010816161280047, 0.37010816161280047, 0.37010816161280047, 0.37010816161280047, 0.37010816161280047, 0.37010816161280047, 0.37010816161280047, 0.37010816161280047, 0.37010816161280047, 0.37010816161280047, 0.37010816161280047, 0.37010816161280047, 0.37010816161280047, 0.37010816161280047, 0.37010816161280047, 0.37010816161280047, 0.37010816161280047, 0.37010816161280047, 0.37010816161280047, 0.37010816161280047, 0.37010816161280047, 0.37010816161280047, 0.37010816161280047, 0.37010816161280047, 0.37010816161280047, 0.37010816161280047, 0.37010816161280047, 0.37010816161280047, 0.37010816161280047, 0.37010816161280047, 0.37010816161280047, 0.37010816161280047, 0.37010816161280047, 0.37010816161280047, 0.37010816161280047, 0.37010816161280047, 0.37010816161280047, 0.37010816161280047, 0.37010816161280047, 0.37010816161280047, 0.37010816161280047, 0.37010816161280047, 0.37010816161280047, 0.37010816161280047, 0.37010816161280047, 0.37010816161280047, 0.37010816161280047],