{"train_loss": [15.989513102093259, 0.9860908360094638, 0.6860571634125066, 0.6777938694567294, 0.6827464651417088], "dev_loss": [1.9837393760681152, 0.7009856104850769, 0.7153269648551941, 0.6903818249702454, 0.6869783997535706], "train_f1": [0.39609859646172135, 0.40464829444079786, 0.3955895282126762, 0.3821358412504196, 0.3788578929127874], "dev_f1": [0.40645143389701843, 0.42240339517593384, 0.39709821343421936, 0.38687339425086975, 0.3917689025402069], "best_f1_dev": 0.42240339517593384, "best_loss_dev": 0.6869783997535706, "confusion_matrix": [[3782, 7], [3116, 128]]}