{"train_loss": [15.989513102093259, 0.9860908360094638, 0.6860571634125066, 0.6777938694567294, 0.6827464651417088, 0.6802529995505874, 0.6778586534229485, 0.6773871536190446, 0.6773305578811749, 0.6800222201927288, 0.6774305615876172, 0.6774123728275299, 0.6818893661370149, 0.6776698848685703, 0.6773960124801945, 0.6773985294071404, 0.6773267033937815, 0.6774970025629611, 0.6774034651550087, 0.7170761818821366, 0.8234623370943843, 0.6773846354033496, 0.6773904437954361, 0.6773944714584866, 0.6773972474239968, 0.6773991518729442, 0.6774004667191892, 0.6774013611110481, 0.6774019685951439, 0.6774023826057847, 0.6774026656473006, 0.6774028621815347, 0.6774029933117531, 0.677403085940593, 0.6774031431288332, 0.6774031867852082, 0.6774032183595606, 0.6774032354354859, 0.6774032523503175, 0.6774032563776583, 0.6774032633046846, 0.6774032650767146, 0.6774032721648345, 0.6774032761921753, 0.6774032742590518, 0.6774032771587372, 0.6774032750645199, 0.677403278125299, 0.6774032771587372, 0.6774032745812391, 0.677403278125299, 0.7366719250743453, 0.6773970028838596, 0.6773989840133771, 0.6774003463822442, 0.6774012766979837, 0.6774019128567463, 0.6774023455542487, 0.677402639872319, 0.6774028457499839, 0.6774029838072287, 0.677403078047005, 0.6774031424844588, 0.6774031819523991, 0.6774032127212833, 0.6774032325358004, 0.6774032488062575, 0.6774032594384374, 0.6774032639490591, 0.6774032684596809, 0.6774032716815536, 0.677403275869988, 0.677403278125299, 0.6774032771587372, 0.6774032750645199, 0.677403278125299, 0.6774032771587372, 0.6774032745812391, 0.677403278125299, 0.677403278125299, 0.677403278125299, 0.677403278125299, 0.677403278125299, 0.677403278125299, 0.677403278125299, 0.677403278125299, 0.677403278125299, 0.677403278125299, 0.677403278125299, 0.677403278125299, 0.677403278125299, 0.677403278125299, 0.677403278125299, 0.677403278125299, 0.677403278125299, 0.677403278125299, 0.677403278125299, 0.677403278125299, 0.677403278125299, 0.677403278125299, 0.677403278125299, 0.677403278125299, 0.677403278125299, 0.677403278125299, 0.677403278125299, 0.677403278125299, 0.677403278125299, 0.677403278125299, 0.677403278125299, 0.677403278125299, 0.677403278125299, 0.677403278125299, 0.677403278125299, 0.677403278125299, 0.677403278125299, 0.677403278125299, 0.677403278125299, 0.677403278125299, 0.677403278125299, 0.677403278125299, 0.677403278125299, 0.677403278125299, 0.677403278125299, 0.677403278125299, 0.677403278125299], "dev_loss": [1.9837393760681152, 0.7009856104850769, 0.7153269648551941, 0.6903818249702454, 0.6869783997535706, 0.6968203186988831, 0.6944442391395569, 0.6945614218711853, 0.6954352855682373, 0.6940879821777344, 0.6945460438728333, 0.6945438385009766, 0.6945416927337646, 0.6945570707321167, 0.6945468187332153, 0.6945443749427795, 0.6945895552635193, 0.6945191621780396, 0.6945813894271851, 0.8995638489723206, 0.694568395614624, 0.6945595741271973, 0.6945532560348511, 0.6945489645004272, 0.6945457458496094, 0.6945436000823975, 0.6945421695709229, 0.6945411562919617, 0.6945405006408691, 0.6945400834083557, 0.6945397257804871, 0.694539487361908, 0.6945393681526184, 0.6945392489433289, 0.6945392489433289, 0.6945390701293945, 0.6945390701293945, 0.6945390701293945, 0.6945390701293945, 0.6945390701293945, 0.6945390701293945, 0.6945390701293945, 0.6945390701293945, 0.6945390701293945, 0.6945390701293945, 0.694538950920105, 0.694538950920105, 0.6945390701293945, 0.694538950920105, 0.694538950920105, 0.694538950920105, 0.6945491433143616, 0.6945460438728333, 0.6945438385009766, 0.6945422887802124, 0.694541335105896, 0.6945406198501587, 0.6945400834083557, 0.6945397257804871, 0.694539487361908, 0.6945393681526184, 0.6945393681526184, 0.6945392489433289, 0.6945391893386841, 0.6945390701293945, 0.6945390701293945, 0.6945390701293945, 0.6945390701293945, 0.6945390701293945, 0.6945390701293945, 0.6945390701293945, 0.6945390701293945, 0.6945390701293945, 0.694538950920105, 0.694538950920105, 0.6945390701293945, 0.694538950920105, 0.694538950920105, 0.694538950920105, 0.694538950920105, 0.694538950920105, 0.694538950920105, 0.694538950920105, 0.694538950920105, 0.694538950920105, 0.694538950920105, 0.694538950920105, 0.694538950920105, 0.694538950920105, 0.694538950920105, 0.694538950920105, 0.694538950920105, 0.694538950920105, 0.694538950920105, 0.694538950920105, 0.694538950920105, 0.694538950920105, 0.694538950920105, 0.694538950920105, 0.694538950920105, 0.694538950920105, 0.694538950920105, 0.694538950920105, 0.694538950920105, 0.694538950920105, 0.694538950920105, 0.694538950920105, 0.694538950920105, 0.694538950920105, 0.694538950920105, 0.694538950920105, 0.694538950920105, 0.694538950920105, 0.694538950920105, 0.694538950920105, 0.694538950920105, 0.694538950920105, 0.694538950920105, 0.694538950920105, 0.694538950920105, 0.694538950920105, 0.694538950920105, 0.694538950920105, 0.694538950920105, 0.694538950920105], "train_f1": [0.39609859646172135, 0.40464829444079786, 0.3955895282126762, 0.3821358412504196, 0.3788578929127874, 0.38850534485804067, 0.3712170323810062, 0.3699474573940844, 0.3703064630965929, 0.37068231661577483, 0.371370772574399, 0.3699474573940844, 0.3711745183210115, 0.37027079503278476, 0.3699474573940844, 0.3699474573940844, 0.3701163589148908, 0.3699121567848566, 0.3699474573940844, 0.37113110004244626, 0.36991354106245816, 0.3699474573940844, 0.3699474573940844, 0.3699474573940844, 0.3699474573940844, 0.3699474573940844, 0.3699474573940844, 0.3699474573940844, 0.3699474573940844, 0.3699474573940844, 0.3699474573940844, 0.3699474573940844, 0.3699474573940844, 0.3699474573940844, 0.3699474573940844, 0.3699474573940844, 0.3699474573940844, 0.3699474573940844, 0.3699474573940844, 0.3699474573940844, 0.3699474573940844, 0.3699474573940844, 0.3699474573940844, 0.3699474573940844, 0.3699474573940844, 0.3699474573940844, 0.3699474573940844, 0.3699474573940844, 0.3699474573940844, 0.3699474573940844, 0.3699474573940844, 0.3699474573940844, 0.3699474573940844, 0.3699474573940844, 0.3699474573940844, 0.3699474573940844, 0.3699474573940844, 0.3699474573940844, 0.3699474573940844, 0.3699474573940844, 0.3699474573940844, 0.3699474573940844, 0.3699474573940844, 0.3699474573940844, 0.3699474573940844, 0.3699474573940844, 0.3699474573940844, 0.3699474573940844, 0.3699474573940844, 0.3699474573940844, 0.3699474573940844, 0.3699474573940844, 0.3699474573940844, 0.3699474573940844, 0.3699474573940844, 0.3699474573940844, 0.3699474573940844, 0.3699474573940844, 0.3699474573940844, 0.3699474573940844, 0.3699474573940844, 0.3699474573940844, 0.3699474573940844, 0.3699474573940844, 0.3699474573940844, 0.3699474573940844, 0.3699474573940844, 0.3699474573940844, 0.3699474573940844, 0.3699474573940844, 0.3699474573940844, 0.3699474573940844, 0.3699474573940844, 0.3699474573940844, 0.3699474573940844, 0.3699474573940844, 0.3699474573940844, 0.3699474573940844, 0.3699474573940844, 0.3699474573940844, 0.3699474573940844, 0.3699474573940844, 0.3699474573940844, 0.3699474573940844, 0.3699474573940844, 0.3699474573940844, 0.3699474573940844, 0.3699474573940844, 0.3699474573940844, 0.3699474573940844, 0.3699474573940844, 0.3699474573940844, 0.3699474573940844, 0.3699474573940844, 0.3699474573940844, 0.3699474573940844, 0.3699474573940844, 0.3699474573940844, 0.3699474573940844, 0.3699474573940844, 0.3699474573940844, 0.3699474573940844, 0.3699474573940844, 0.3699474573940844, 0.3699474573940844],