{"train_loss": [9.921603619375013, 0.6860351880842989, 0.6617076755924658, 0.7649968815120783, 0.6789310411973433, 0.6669657480987635, 0.6369098316539418, 0.6346266520294276, 0.6412113437598402, 0.6341220783916387, 0.6122663942250338, 0.6113051643425768, 0.6084195375442505, 0.6099250231954184, 0.6004837687042627, 0.6006618480790745, 0.598867744546045, 0.5942003496668555, 0.5957776971838691, 0.5998086309568449, 0.5824760347604752, 0.601714467460459, 0.5865701101720333, 0.57448230616071, 0.589641506021673, 0.5732943463054571, 0.5623896291310136, 0.5689831487834454, 0.5624345270070162, 0.5651512803001837, 0.5535984933376312, 0.5892839086326686, 0.5780214274471457, 0.5605655688453804, 0.5606178211217577, 0.5478594756939195, 0.5544171421365305, 0.5432747487317432, 0.5438038578087633, 0.5426037257367914, 0.5357121974229813, 0.5435498018156398, 0.5394514853304083, 0.5462783216075464, 0.6272662156684832, 0.5452451485801827, 0.5391635840589349, 0.5435598032041029, 0.5316488299180161, 0.5282323465428569, 0.5398030176081441], "dev_loss": [0.7089974880218506, 0.6785818338394165, 0.6903871297836304, 0.8673839569091797, 0.6870754957199097, 0.6877880096435547, 0.6905716061592102, 0.7064635753631592, 0.6944770216941833, 0.6906058192253113, 0.7004931569099426, 0.6962096095085144, 0.706871509552002, 0.6729759573936462, 0.7184580564498901, 0.7104793787002563, 0.7193478941917419, 0.7254069447517395, 0.6873359680175781, 0.7040269374847412, 0.7809173464775085, 0.7421528697013855, 0.6833851337432861, 0.6765931844711304, 0.6759945750236511, 0.6592552661895752, 0.6731382012367249, 0.6922540068626404, 0.7195579409599304, 0.6852820515632629, 0.6745589375495911, 0.6859591007232666, 0.6907950639724731, 0.7032380700111389, 0.6570751070976257, 0.6553475856781006, 0.6858723163604736, 0.6941058039665222, 0.700482964515686, 0.6905011534690857, 0.6979576945304871, 0.6932114958763123, 0.6910457015037537, 0.7258404493331909, 0.7138494849205017, 0.7375161051750183, 0.769955039024353, 0.6965659260749817, 0.7318710088729858, 0.7639135122299194, 0.61781907081604], "train_f1": [0.4214141782034527, 0.4476578642021526, 0.42849192463538865, 0.44626282866705547, 0.5361773297190666, 0.5329365510154854, 0.6056393561038104, 0.5948112332685427, 0.5588029484179887, 0.5979376983913508, 0.6345877122472633, 0.6439125629311259, 0.6326894028620287, 0.5870393572205846, 0.6074740443040024, 0.6156879771839489, 0.6257028112357313, 0.5902363668111238, 0.5992475568570874, 0.6296614239161665, 0.6560112271796573, 0.6257244958118959, 0.6640656055374579, 0.6714842380447821, 0.6178099245510318, 0.586456165056337, 0.6106114265593615, 0.5737161565233361, 0.6076270399445837, 0.6434571600773118, 0.6688694655895233, 0.6399185806512833, 0.6366716934876009, 0.6188597431914373, 0.6584564115513455, 0.6679262390190904, 0.6538599522953684, 0.6894720183177427, 0.6674108481542631, 0.6591664207252589, 0.6711826327849518, 0.6849970086054369, 0.6708910221403296, 0.6548102897676554, 0.6934314126318152, 0.697978909720074, 0.6961205622011964, 0.7029946277087386, 0.7075484462759711, 0.7121879045258869, 0.6921654932878234], "dev_f1": [0.38803791999816895, 0.41775980591773987, 0.4615720212459564, 0.47824764251708984, 0.46206095814704895, 0.5342003107070923, 0.5463589429855347, 0.4023171663284302, 0.5713530778884888, 0.5764079093933105, 0.5857237577438354, 0.5727998614311218, 0.4991684556007385, 0.5464308261871338, 0.5707417726516724, 0.5074717998504639, 0.5664728879928589, 0.4919372797012329, 0.5980120897293091, 0.5934584736824036, 0.5858364701271057, 0.5658172369003296, 0.5942193269729614, 0.6084640622138977, 0.5750035047531128, 0.5869565606117249, 0.5933791399002075, 0.6107586026191711, 0.5790485143661499, 0.593132734298706, 0.6078361868858337, 0.5763761401176453, 0.5803806185722351, 0.5715875625610352, 0.6162368059158325, 0.6194554567337036, 0.6097542643547058, 0.5936626195907593, 0.5869085192680359, 0.5982483625411987, 0.5863719582557678, 0.5863435864448547, 0.6075184345245361, 0.6117867231369019, 0.609629213809967, 0.592218816280365, 0.586693525314331, 0.6051145792007446, 0.6060225963592529, 0.5849958658218384, 0.6425697803497314], "best_f1_dev": 0.6425697803497314, "best_loss_dev": 0.61781907081604, "confusion_matrix": [[1119, 645], [467, 896]]}