{"train_loss": [0.9252070094700213, 0.506085432238049, 0.45699084853684463, 0.423664763017937, 0.4102859044516528, 0.40199801822503406], "dev_loss": [0.6882235407829285, 0.6717171669006348, 0.7819284796714783, 0.6083939671516418, 0.6354061961174011, 0.593485414981842], "train_f1": [0.6718409944463659, 0.7427912332393505, 0.7634535089687065, 0.7918783558739556, 0.797002739376492, 0.8039154134414814], "dev_f1": [0.583254337310791, 0.5927501916885376, 0.5745384097099304, 0.6363219022750854, 0.660104513168335, 0.6475838422775269], "best_f1_dev": 0.660104513168335, "best_loss_dev": 0.593485414981842, "confusion_matrix": [[1786, 406], [969, 923]]}