{"train_loss": [348.3749209284782, 3.7610531389713286, 1.446336531639099, 0.7533215284347534, 0.7681556224822998, 0.769830173254013, 0.7070097863674164, 0.7566172301769256, 0.7215355038642883, 0.7050095915794372, 0.7167592763900756, 0.7201664507389068, 0.6834831535816193, 0.7342222630977631, 0.6826818704605102, 0.6987210571765899, 0.6824539542198181, 0.7070582807064056, 0.6902733206748962, 0.7396292865276337, 0.6946806311607361, 0.6904560685157776, 0.6723437547683716, 0.7028480231761932, 0.6810245931148529, 0.7226169168949127, 0.7124363422393799, 0.814557671546936, 0.7021583795547486, 0.6798934161663055, 0.7195147395133972, 0.6924231112003326, 0.7124159157276153, 0.6733136296272277, 0.6762995898723603, 0.6911005795001983, 0.6981765747070312, 0.6907127499580383, 0.6812462747097016, 0.6916187644004822, 0.6870855569839478, 0.6799307346343995, 0.6794068694114686, 0.6747298121452332, 0.6787888586521149, 0.7562134206295014, 0.6777171730995178, 0.6996650040149689, 0.729963231086731, 0.6883975446224213, 0.6851795315742493, 0.6837519407272339, 0.6871350884437561, 0.6771296679973602, 0.7265771865844727, 0.6838958024978637, 0.6853908360004425, 0.6756105542182922, 0.6758318245410919, 0.6725397408008575, 0.6811092734336853, 0.6987679541110993, 0.6830166697502136, 0.6797736823558808, 0.6826878666877747, 0.6769998013973236, 0.675184017419815, 0.7104506611824035, 0.6711474895477295, 0.6999880015850067, 0.679822039604187, 0.6793763518333436, 0.6894190311431885, 0.6697649180889129, 0.6728589594364166, 0.6698748409748078, 0.6706241190433502, 0.6704362511634827, 0.6845742344856263, 0.6961508393287659, 0.6686572730541229, 0.6970253109931945, 0.6670217394828797, 0.6659044682979584, 0.6657431781291961, 0.6747439444065094, 0.6623009502887726, 0.668062949180603, 0.6787881791591645, 0.6674578070640564, 0.6832543253898621, 0.672367912530899, 0.6738244950771332, 0.6966972529888154, 0.6651271462440491, 0.6682805180549621, 0.6763908684253692, 0.6671262800693512, 0.6624300599098205, 0.6987852156162262, 0.6703751027584076, 0.6627050578594208, 0.6631080210208893, 0.6724895715713501, 0.6758986175060272, 0.6813148021697998, 0.7049164652824402, 0.6693941712379455, 0.6850664675235748, 0.6835928082466125, 0.70352583527565, 0.6750780701637268, 0.7219555497169494, 0.6702366709709168, 0.672080272436142, 0.6717348515987396, 0.6829605996608734, 0.6642337918281556, 0.660700136423111, 0.6613982439041137], "dev_loss": [5.5935587882995605, 2.3181450366973877, 0.7856200337409973, 0.9110427498817444, 0.8238240480422974, 0.7473737597465515, 0.7710075378417969, 0.7432391047477722, 0.751793384552002, 0.7176523208618164, 0.7233421206474304, 0.7301356196403503, 0.7262524366378784, 0.7308775186538696, 0.7335078716278076, 0.7443279027938843, 0.7477412819862366, 0.769250750541687, 0.7122388482093811, 0.7791945934295654, 0.7471773028373718, 0.7382784485816956, 0.7497471570968628, 0.7361761927604675, 0.7495563626289368, 0.9449853301048279, 0.7958496809005737, 0.7423369288444519, 0.7430249452590942, 0.7422465085983276, 0.7606406807899475, 0.7676583528518677, 0.7166882157325745, 0.721316933631897, 0.7199674248695374, 0.7230576872825623, 0.745534360408783, 0.7162034511566162, 0.7265618443489075, 0.7494882941246033, 0.7132428288459778, 0.7510688900947571, 0.7260732054710388, 0.7286908626556396, 0.7355116605758667, 0.7392905950546265, 0.8161918520927429, 0.7077256441116333, 0.7548445463180542, 0.7363604307174683, 0.736566960811615, 0.7472131252288818, 0.7580410838127136, 0.776458203792572, 0.72594153881073, 0.7094071507453918, 0.7293744683265686, 0.7267457842826843, 0.7117660045623779, 0.7139328122138977, 0.7454071640968323, 0.7134379148483276, 0.7134992480278015, 0.717436671257019, 0.7386915683746338, 0.7521294355392456, 0.7441197037696838, 0.7698206901550293, 0.7188249230384827, 0.7646371722221375, 0.7401511669158936, 0.7490377426147461, 0.7423123121261597, 0.7154172658920288, 0.7359644174575806, 0.7241947054862976, 0.7345678806304932, 0.7082206010818481, 0.7087637782096863, 0.7059540152549744, 0.7115707397460938, 0.7099952101707458, 0.7305817604064941, 0.7027130126953125, 0.7199543714523315, 0.7090667486190796, 0.7260633707046509, 0.7546103596687317, 0.7306912541389465, 0.714095413684845, 0.7415600419044495, 0.7180066704750061, 0.7252334952354431, 0.723357081413269, 0.7716349959373474, 0.7488169074058533, 0.7199428081512451, 0.725667417049408, 0.7412112355232239, 0.7156156301498413, 0.7147394418716431, 0.7111170291900635, 0.7415176630020142, 0.7185501456260681, 0.7162023782730103, 0.8279229402542114, 0.7194964289665222, 0.7526060342788696, 0.7206937074661255, 0.7266637682914734, 0.717261552810669, 0.775262713432312, 0.7262642979621887, 0.7310490608215332, 0.7088566422462463, 0.7170560359954834, 0.7007099986076355, 0.7125682830810547, 0.7216506600379944, 0.699049711227417], "train_f1": [0.4213042199611664, 0.4867331385612488, 0.4286725789308548, 0.43921508491039274, 0.43921729624271394, 0.420221409201622, 0.41794632375240326, 0.40746191143989563, 0.4283388197422028, 0.4288590580224991, 0.41743896901607513, 0.4159426361322403, 0.4200747191905975, 0.4219690799713135, 0.42679464519023896, 0.4230760455131531, 0.4285771191120148, 0.41965623795986173, 0.4337889730930328, 0.4635665208101273, 0.46464623510837555, 0.48020910024642943, 0.4896683692932129, 0.48088296949863435, 0.4830379545688629, 0.47589575350284574, 0.48085246086120603, 0.48293855488300325, 0.4654812812805176, 0.4803503602743149, 0.46690971255302427, 0.480740424990654, 0.4615855008363724, 0.48456292748451235, 0.46913776099681853, 0.4716640055179596, 0.4730548173189163, 0.46548949778079984, 0.47535074055194854, 0.4671740859746933, 0.4670699149370193, 0.4849400371313095, 0.48210600316524505, 0.46078838109970094, 0.4734165549278259, 0.4638749688863754, 0.4670848935842514, 0.47507384717464446, 0.4753429591655731, 0.47803312838077544, 0.4807557642459869, 0.4848911792039871, 0.4720550924539566, 0.4714579552412033, 0.47198825478553774, 0.4681291341781616, 0.4697344571352005, 0.4697381556034088, 0.48181469440460206, 0.4761665314435959, 0.4625597447156906, 0.47213063538074496, 0.4730474531650543, 0.4603256434202194, 0.46755500733852384, 0.48219873011112213, 0.4824060291051865, 0.4826426595449448, 0.4816366404294968, 0.4750788301229477, 0.47574889063835146, 0.48426948487758636, 0.4785292625427246, 0.48801109790802, 0.4813505172729492, 0.4879892528057098, 0.4732868313789368, 0.47900680005550383, 0.47851960062980653, 0.49105697572231294, 0.4880576729774475, 0.49107458293437956, 0.4842243492603302, 0.4920236498117447, 0.4753797173500061, 0.4865690410137177, 0.48543339371681216, 0.4798872977495193, 0.47004792988300326, 0.47967744171619414, 0.4933731198310852, 0.4748795241117477, 0.48011891543865204, 0.489870423078537, 0.4827558994293213, 0.4877434015274048, 0.5002127259969711, 0.49092857837677, 0.5004715591669082, 0.5015330016613007, 0.4820921927690506, 0.5062044858932495, 0.5104717433452606, 0.5076130211353302, 0.5036838293075562, 0.5051434367895127, 0.4953721076250076, 0.5172688722610473, 0.5066998362541199, 0.5061903029680253, 0.5045216768980026, 0.5098024427890777, 0.5050222605466843, 0.49446974098682406, 0.5105114579200745, 0.5007434815168381, 0.49850596487522125, 0.5072110027074814, 0.5008885741233826, 0.503973713517189],