{"train_loss": [6.766782100051642, 0.6752219659090042, 0.6552771319448948, 0.6201436325907708, 0.599223645478487, 0.5832168352603913, 0.5735091894865036, 0.5657696341723204, 0.5582951082289219, 0.5258496987819672, 0.47201565459370615, 0.45464659698307514, 0.4392941835522652, 0.43993765495717524], "dev_loss": [0.6976629495620728, 0.7099121809005737, 0.6892215609550476, 0.6409972310066223, 0.6453253030776978, 0.6125770211219788, 0.6050286889076233, 0.5975480079650879, 0.6263639330863953, 0.6322087645530701, 0.6127411127090454, 0.6023089289665222, 0.6441475749015808, 0.5460706949234009], "train_f1": [0.3732453113794327, 0.37179076865315436, 0.37376386612653734, 0.4854195359349251, 0.6260473029315472, 0.6582523266971111, 0.6685649996995926, 0.6730188222229481, 0.6769295054674148, 0.7111858390271664, 0.7642926701903343, 0.7792836692929268, 0.786390046030283, 0.7840816789865493], "dev_f1": [0.35687702894210815, 0.35153117775917053, 0.35048365592956543, 0.6009345054626465, 0.5996851921081543, 0.6160027980804443, 0.6205964088439941, 0.61906898021698, 0.6042382121086121, 0.6099170446395874, 0.6772512197494507, 0.6797806024551392, 0.6676451563835144, 0.6975553035736084], "best_f1_dev": 0.6975553035736084, "best_loss_dev": 0.5460706949234009, "confusion_matrix": [[23141, 9476], [8732, 19121]]}