{"train_loss": [18.689024329185486, 0.6525908460219702, 0.6593650033076605, 0.6445860266685486, 0.6379756381114324, 0.6403285016616186, 0.6339143017927805, 0.6263574411471685, 0.6295309066772461, 0.6282203445831934, 0.6180450022220612, 0.6200402428706487, 0.6216418246428171, 0.6209870626529058, 0.6186534414688746, 0.6227195908625921, 0.6165374169747034, 0.6101140379905701, 0.6118104457855225, 0.6061934779087702, 0.608563557267189, 0.6035100817680359, 0.6090969542662302, 0.6005361527204514, 0.6051252981026968, 0.60258220632871, 0.6047985007365545, 0.5962806046009064, 0.5948694050312042, 0.5935147752364477, 0.5979015976190567, 0.5943551113208135, 0.5953637510538101, 0.5950113435586294, 0.597744440038999, 0.5914170841375986, 0.5906707644462585, 0.5947226881980896, 0.5902975449959437, 0.588825394709905, 0.5885987828175226, 0.5861241320768992, 0.5829769819974899, 0.5845112452904383, 0.5794828782478968, 0.590320477883021, 0.5843199193477631, 0.5802906999985377, 0.5814955135186514, 0.5824384888013204, 0.580974742770195, 0.5769619395335516, 0.5848742723464966, 0.5728484690189362, 0.5811549623807272, 0.5754709839820862, 0.5697918037573496, 0.5713497549295425, 0.5772220740715662, 0.5632033745447794, 0.5761121958494186, 0.5655621538559595, 0.5696704139312109, 0.5699426134427389, 0.5630513479312261, 0.5610488057136536, 0.5684230526288351, 0.5608541717131933, 0.5641399224599203, 0.557817076643308, 0.5600618620713552, 0.5653915703296661, 0.5697608242432276, 0.559340218702952, 0.5600155144929886, 0.5580653647581736, 0.545968254407247, 0.55440125366052, 0.5611452658971151, 0.5551199167966843, 0.5535981704791387, 0.5513948053121567, 0.5455462137858073, 0.5440805008014044, 0.5397108991940817, 0.5385998139778773, 0.5438301215569178, 0.5450074722369512, 0.5473045706748962, 0.5388483256101608, 0.5390688876310984, 0.5347379098335902, 0.5321148907144865, 0.530580922961235, 0.5311034843325615, 0.5240877072016398, 0.5212557216485342, 0.523323155939579, 0.5268411164482435, 0.5136425097783407, 0.5135261888305346, 0.5071917474269867, 0.5093347678581873, 0.5066318064928055, 0.4911353439092636, 0.4844234784444173, 0.4798322394490242, 0.4811745062470436, 0.47407347212235135, 0.4651504804690679, 0.46652117123206455, 0.4632197270790736, 0.4543435449401538], "dev_loss": [0.6646074652671814, 0.6488698720932007, 0.6579421162605286, 0.6555372476577759, 0.6453453898429871, 0.6567237973213196, 0.6449959874153137, 0.647074818611145, 0.6476795673370361, 0.6468051075935364, 0.6442505121231079, 0.6349958777427673, 0.6389898061752319, 0.6399766802787781, 0.6390656232833862, 0.6339178085327148, 0.6419122219085693, 0.6354319453239441, 0.6417560577392578, 0.6379908919334412, 0.6466076374053955, 0.6523058414459229, 0.6650297045707703, 0.6345282793045044, 0.6413519382476807, 0.6397259831428528, 0.6306251287460327, 0.6353947520256042, 0.6336992383003235, 0.6491668224334717, 0.6410853266716003, 0.6442496180534363, 0.6517239809036255, 0.6717281937599182, 0.6524965763092041, 0.649332582950592, 0.644350528717041, 0.6315858364105225, 0.6465421915054321, 0.638455867767334, 0.6602743864059448, 0.6844994425773621, 0.6678293347358704, 0.6577814817428589, 0.6678486466407776, 0.650114119052887, 0.6538187265396118, 0.6587843894958496, 0.6784874200820923, 0.6586811542510986, 0.6806706190109253, 0.6735004186630249, 0.6434838175773621, 0.6777308583259583, 0.6696726679801941, 0.6533430218696594, 0.662939190864563, 0.6812697052955627, 0.6719053387641907, 0.6565746068954468, 0.6487137675285339, 0.6348779797554016, 0.6496666669845581, 0.640636682510376, 0.659023642539978, 0.6687504649162292, 0.674105167388916, 0.6870412826538086, 0.6423049569129944, 0.6669142246246338, 0.6910954117774963, 0.6945158839225769, 0.6893758773803711, 0.6561294198036194, 0.6387801170349121, 0.6340182423591614, 0.6554387807846069, 0.6729145050048828, 0.6291996240615845, 0.6787305474281311, 0.6509989500045776, 0.6459446549415588, 0.6698945164680481, 0.6512061357498169, 0.6639989018440247, 0.6513988971710205, 0.6657214760780334, 0.6624596118927002, 0.6372068524360657, 0.6522768139839172, 0.6773313879966736, 0.6512523889541626, 0.6365991830825806, 0.6280345320701599, 0.637191891670227, 0.6648744940757751, 0.6505170464515686, 0.6481063365936279, 0.6410514116287231, 0.6677513122558594, 0.650117814540863, 0.6782110929489136, 0.7092230319976807, 0.6347143650054932, 0.6732990145683289, 0.6848536729812622, 0.6804090738296509, 0.7011630535125732, 0.6821557283401489, 0.6964672803878784, 0.7125124335289001, 0.6632255911827087, 0.696633517742157], "train_f1": [0.40479997048775357, 0.3851292257507642, 0.3779439901312192, 0.3749411255121231, 0.3761257007718086, 0.37622250616550446, 0.37582987546920776, 0.3762881010770798, 0.3762881010770798, 0.3762881010770798, 0.3761853774388631, 0.37727220604817074, 0.37701647231976193, 0.37648994475603104, 0.37631716082493466, 0.3766915624340375, 0.37615707019964856, 0.3761580362915993, 0.37622298796971637, 0.37664078424374264, 0.3765215228001277, 0.3762881010770798, 0.37705111006895703, 0.40989014754692715, 0.5016637320319811, 0.48634138454993564, 0.5853079011042913, 0.5429562379916509, 0.5723025848468145, 0.606737474600474, 0.613199586669604, 0.6223936825990677, 0.6236066917578379, 0.6243988970915476, 0.6297210405270258, 0.635037899017334, 0.6297509769598643, 0.6387826800346375, 0.6372149189313253, 0.6425485412279764, 0.6415327936410904, 0.6461287438869476, 0.6472711513439814, 0.6507076174020767, 0.6494143952926, 0.6387732625007629, 0.644007017215093, 0.6490259716908137, 0.6521886636813482, 0.6572751849889755, 0.6541857322057089, 0.6563257575035095, 0.654140775402387, 0.668219635883967, 0.6569370379050573, 0.6593431482712427, 0.6574757546186447, 0.6576452155907949, 0.6650675634543101, 0.6649829000234604, 0.6641563276449839, 0.6668701122204462, 0.6637767106294632, 0.6709987074136734, 0.6664687544107437, 0.6708228985468546, 0.6682141770919164, 0.6756626715262731, 0.666425089041392, 0.6699602156877518, 0.6762199600537618, 0.6742747823397318, 0.6725808431704839, 0.6697751780351003, 0.6727882921695709, 0.6765452325344086, 0.6811675528685252, 0.6818687419096628, 0.6783993442853292, 0.6788259247938792, 0.683952992161115, 0.6825437396764755, 0.6796187708775202, 0.6856861859560013, 0.6898378233114878, 0.688362275560697, 0.6844111084938049, 0.6886318276325861, 0.6837460845708847, 0.6917500595251719, 0.6882077356179556, 0.6908690532048544, 0.6962704211473465, 0.6972043613592783, 0.698795293768247, 0.6990808894236883, 0.703094000617663, 0.708607812722524, 0.7085320502519608, 0.7108619759480158, 0.7149291584889094, 0.7276751150687536, 0.7245986759662628, 0.7300272087256113, 0.7269784410794576, 0.7487063755591711, 0.7533275683720907, 0.7462304631868998, 0.7481880386670431, 0.7631493260463079, 0.7629159887631735, 0.7640903294086456, 0.7659848630428314],