{"train_loss": [80.26194598525763, 0.7004210402568182, 0.6871600846449534, 0.6819212660193443, 0.6822506984074911, 0.6799702073136965, 0.6802546332279841, 0.6851040547092756, 0.6895240917801857, 0.682432658970356, 0.6790977617104849, 0.6801748126745224, 0.6801847939689954, 0.6790066137909889, 0.6802135035395622, 0.6796309674779574, 0.6801787838339806, 0.6790172631541888, 0.6793322960535685, 0.6792226657271385, 0.6782943904399872, 0.6788908864061037, 0.6803062558174133, 0.6816944181919098, 0.6803438514471054, 0.6906428337097168, 0.6814805020888647, 0.6786510224143664, 0.6779510204990705, 0.6800774410367012, 0.6864542663097382, 0.6789815897742907, 0.6795492644111315, 0.6846070314447085, 0.6798249160250028, 0.6792946284015974, 0.6783766224980354, 0.6780873388051987, 0.6835613027215004, 0.6785318677624067, 0.6807873820265135, 0.6785647422075272, 0.6789768760402998, 0.6795791462063789, 0.6815221359332403, 0.6973618219296137, 0.6797587151328722, 0.6788865923881531, 0.6784746175010999, 0.6790998751918474, 0.6795528680086136, 0.6783091748754183, 0.6793299317359924, 0.6787945777177811, 0.6792702699700991, 0.6783794835209846, 0.6785082692901293, 0.6800779923796654, 0.6783330515027046, 0.6781794180472692, 0.6799775784214338, 0.6799979954957962, 0.6781949376066526, 0.6774830693999926, 0.678047222395738, 0.6783745934565862, 0.6781128073732058, 0.6783823197086652, 0.677707756559054, 0.6773349096377691, 0.6781896029909452, 0.6782702580094337, 0.6774420787890753, 0.6777235294381777, 0.6789793396989504, 0.6779135937492052, 0.6781166344881058, 0.6779132386048635, 0.6783966148893038, 0.678468848268191, 0.6777548318107923, 0.6784619018435478, 0.6783483102917671, 0.677663783232371, 0.6773587192098299, 0.6771607672174772, 0.6781476959586143, 0.6771151001254717, 0.6770274316271147, 0.6771062960227331, 0.6789958750208219, 0.6782825291156769, 0.6808275630076727, 0.678801509241263, 0.6799820512533188, 0.6787055457631747, 0.678621826072534, 0.6784413630763689, 0.6783447017272314, 0.6785372967521349, 0.678105133275191, 0.677860215306282, 0.6790532420078913, 0.6802789817253748, 0.6790836279590925, 0.6786984627445539, 0.6786812742551168, 0.6788724909226099, 0.6783974717060725, 0.6785343910257021, 0.6779136086503664, 0.6786241407195727, 0.6777366027235985, 0.6775778805216154, 0.6756532167394956, 0.6753081704179446, 0.6752541934450468, 0.6746325194835663, 0.675204207499822, 0.674569716056188, 0.6728507503867149, 0.6728316123286883], "dev_loss": [0.7145588397979736, 0.700188934803009, 0.6979222297668457, 0.7045681476593018, 0.6970822215080261, 0.6969173550605774, 0.6970871686935425, 0.6980438232421875, 0.6996645927429199, 0.6979966163635254, 0.6978471279144287, 0.6960625052452087, 0.6983642578125, 0.6973183751106262, 0.6979259848594666, 0.6976425051689148, 0.699866771697998, 0.6985665559768677, 0.6944956183433533, 0.6967424154281616, 0.6978033781051636, 0.7000157237052917, 0.6963464617729187, 0.6973391175270081, 0.6989014744758606, 0.7002109289169312, 0.6986802220344543, 0.6966228485107422, 0.6982911229133606, 0.6981126666069031, 0.6974658966064453, 0.6942492127418518, 0.6946734189987183, 0.6972290277481079, 0.6959021687507629, 0.6976903080940247, 0.6973001956939697, 0.6975610852241516, 0.6932207942008972, 0.6923418641090393, 0.6999098658561707, 0.6967648863792419, 0.6968196034431458, 0.6994976997375488, 0.6984405517578125, 0.6973628401756287, 0.6972950100898743, 0.6972662210464478, 0.6982403993606567, 0.6977332830429077, 0.6966534852981567, 0.6968337893486023, 0.6962904334068298, 0.6967089176177979, 0.6968111991882324, 0.6963418126106262, 0.6969202160835266, 0.6964004039764404, 0.6992522478103638, 0.6963580846786499, 0.6959596276283264, 0.6965662837028503, 0.6974163055419922, 0.696869432926178, 0.6970081925392151, 0.6962430477142334, 0.696304440498352, 0.6952689290046692, 0.6963664889335632, 0.6977425217628479, 0.6973097920417786, 0.6963137984275818, 0.696736752986908, 0.6977725028991699, 0.6961367726325989, 0.6960286498069763, 0.6960342526435852, 0.6968702673912048, 0.6965938210487366, 0.6967727541923523, 0.6959421038627625, 0.6966129541397095, 0.6965380907058716, 0.695631742477417, 0.7022531032562256, 0.6969972252845764, 0.6962786912918091, 0.6969839930534363, 0.6970832943916321, 0.6983430981636047, 0.6952759623527527, 0.696794867515564, 0.6958264708518982, 0.6960156559944153, 0.6969528794288635, 0.6963821053504944, 0.6965069770812988, 0.6969738006591797, 0.696459949016571, 0.6973857283592224, 0.6963629722595215, 0.6973452568054199, 0.6969903111457825, 0.6968550682067871, 0.6963006854057312, 0.6967166066169739, 0.6962496042251587, 0.6995301246643066, 0.6971094608306885, 0.7001839876174927, 0.6996621489524841, 0.6968216896057129, 0.6979196071624756, 0.6975429058074951, 0.6975904703140259, 0.6961473226547241, 0.6997334361076355, 0.6984660625457764, 0.6966100335121155, 0.6982930302619934, 0.6990055441856384, 0.699474036693573], "train_f1": [0.36663276702165604, 0.37241213768720627, 0.37514038756489754, 0.3764172780017058, 0.37324245522419613, 0.372468214482069, 0.3730309245487054, 0.37309785187244415, 0.3723478466272354, 0.3727176698545615, 0.37475567186872166, 0.3730323985219002, 0.3716956066588561, 0.37199032430847484, 0.37162140508492786, 0.37373585005601245, 0.3712783306837082, 0.3716520791252454, 0.3715355272094409, 0.37225519741574925, 0.3727131485939026, 0.3731127108136813, 0.3730621176461379, 0.37467822184165317, 0.3730716047187646, 0.3720492559174697, 0.37167219817638397, 0.37190477798382443, 0.372616495937109, 0.37187008187174797, 0.3725485938290755, 0.3726375649372737, 0.37291400010387105, 0.3712490660448869, 0.3697194419801235, 0.37158732612927753, 0.36975884561737377, 0.3714115383724372, 0.3701935273905595, 0.3711318038403988, 0.37035417680939037, 0.3701701487104098, 0.37013404816389084, 0.3718074585000674, 0.37120262409249943, 0.3710985295474529, 0.37188712880015373, 0.3711600850025813, 0.3702462377647559, 0.3713843785226345, 0.3702362986902396, 0.37085019300381344, 0.3707333828012149, 0.37049494807918865, 0.3700479951997598, 0.3704138671358426, 0.36973745996753377, 0.37037623922030133, 0.3712371041377385, 0.3735220382610957, 0.3713961032529672, 0.37210334464907646, 0.3741825136045615, 0.38062641272942227, 0.3877491628130277, 0.38862255588173866, 0.3878258354961872, 0.38636615375677746, 0.39044159774978954, 0.39380307495594025, 0.3888544986645381, 0.3865078389644623, 0.3890989199280739, 0.3879588147004445, 0.3860504652063052, 0.38532135511438054, 0.38624103118975955, 0.38665241996447247, 0.3874220127860705, 0.3883457879225413, 0.39150208110610646, 0.3866136508683364, 0.3887946816782157, 0.39039265488584834, 0.39109543959299725, 0.3966217637062073, 0.40187542140483856, 0.40592970823248226, 0.4048489530881246, 0.40374522656202316, 0.3899496756494045, 0.3858451284468174, 0.38219838961958885, 0.3832593858242035, 0.38258954261740047, 0.387407585978508, 0.384209497521321, 0.38191852470239, 0.38066548481583595, 0.3819033242762089, 0.3820367902517319, 0.38364119703571004, 0.38691041246056557, 0.381454365948836, 0.3844874103864034, 0.38704528162876767, 0.3828324129184087, 0.3897569725910823, 0.3919982388615608, 0.3907895050942898, 0.3996581969161828, 0.40807653218507767, 0.40988970175385475, 0.414556918044885, 0.42777252321441966, 0.44778071468075115, 0.4618530956407388, 0.4730159603059292, 0.4504511219759782, 0.43899497389793396, 0.4738091590503852, 0.47179463133215904],