{"train_loss": [80.26194598525763, 0.7004210402568182, 0.6871600846449534, 0.6819212660193443, 0.6822506984074911, 0.6799702073136965, 0.6802546332279841, 0.6851040547092756, 0.6895240917801857, 0.682432658970356, 0.6790977617104849, 0.6801748126745224, 0.6801847939689954, 0.6790066137909889, 0.6802135035395622, 0.6796309674779574, 0.6801787838339806, 0.6790172631541888, 0.6793322960535685, 0.6792226657271385, 0.6782943904399872, 0.6788908864061037, 0.6803062558174133, 0.6816944181919098, 0.6803438514471054, 0.6906428337097168, 0.6814805020888647, 0.6786510224143664, 0.6779510204990705, 0.6800774410367012, 0.6864542663097382, 0.6789815897742907, 0.6795492644111315, 0.6846070314447085, 0.6798249160250028, 0.6792946284015974, 0.6783766224980354, 0.6780873388051987, 0.6835613027215004, 0.6785318677624067], "dev_loss": [0.7145588397979736, 0.700188934803009, 0.6979222297668457, 0.7045681476593018, 0.6970822215080261, 0.6969173550605774, 0.6970871686935425, 0.6980438232421875, 0.6996645927429199, 0.6979966163635254, 0.6978471279144287, 0.6960625052452087, 0.6983642578125, 0.6973183751106262, 0.6979259848594666, 0.6976425051689148, 0.699866771697998, 0.6985665559768677, 0.6944956183433533, 0.6967424154281616, 0.6978033781051636, 0.7000157237052917, 0.6963464617729187, 0.6973391175270081, 0.6989014744758606, 0.7002109289169312, 0.6986802220344543, 0.6966228485107422, 0.6982911229133606, 0.6981126666069031, 0.6974658966064453, 0.6942492127418518, 0.6946734189987183, 0.6972290277481079, 0.6959021687507629, 0.6976903080940247, 0.6973001956939697, 0.6975610852241516, 0.6932207942008972, 0.6923418641090393], "train_f1": [0.36663276702165604, 0.37241213768720627, 0.37514038756489754, 0.3764172780017058, 0.37324245522419613, 0.372468214482069, 0.3730309245487054, 0.37309785187244415, 0.3723478466272354, 0.3727176698545615, 0.37475567186872166, 0.3730323985219002, 0.3716956066588561, 0.37199032430847484, 0.37162140508492786, 0.37373585005601245, 0.3712783306837082, 0.3716520791252454, 0.3715355272094409, 0.37225519741574925, 0.3727131485939026, 0.3731127108136813, 0.3730621176461379, 0.37467822184165317, 0.3730716047187646, 0.3720492559174697, 0.37167219817638397, 0.37190477798382443, 0.372616495937109, 0.37187008187174797, 0.3725485938290755, 0.3726375649372737, 0.37291400010387105, 0.3712490660448869, 0.3697194419801235, 0.37158732612927753, 0.36975884561737377, 0.3714115383724372, 0.3701935273905595, 0.3711318038403988], "dev_f1": [0.3513144254684448, 0.35310107469558716, 0.3530406951904297, 0.35385167598724365, 0.35092148184776306, 0.35316142439842224, 0.35204073786735535, 0.3502905070781708, 0.35080230236053467, 0.3513144254684448, 0.3528901934623718, 0.3515283167362213, 0.3502905070781708, 0.3513144254684448, 0.35119518637657166, 0.35316142439842224, 0.35140883922576904, 0.35186126828193665, 0.3515283167362213, 0.35204073786735535, 0.34981414675712585, 0.3512548506259918, 0.35195428133010864, 0.3524065911769867, 0.3515283167362213, 0.3521062433719635, 0.3499794602394104, 0.35364392399787903, 0.35180145502090454, 0.3501353859901428, 0.3505878746509552, 0.3506472706794739, 0.3498016595840454, 0.3517415523529053, 0.3507067561149597, 0.35052844882011414, 0.34986090660095215, 0.35052844882011414, 0.3504689335823059, 0.3501947522163391], "best_f1_dev": 0.35385167598724365, "best_loss_dev": 0.6923418641090393, "confusion_matrix": [[3842, 5], [3301, 2]]}