{"train_loss": [6.927586888251283, 0.5612002182167207, 0.5374243327587709, 0.5250173936777586, 0.5019082414996998, 0.4874007867590729, 0.44191860163692936], "dev_loss": [0.7237210869789124, 0.7017219662666321, 0.663534939289093, 0.6398502588272095, 0.6167271137237549, 0.598330557346344, 0.6569216251373291], "train_f1": [0.5654829023531199, 0.6452529034807009, 0.6700229724961011, 0.6982129277669795, 0.725941441251558, 0.7365486937253465, 0.7638190610526389], "dev_f1": [0.557140052318573, 0.5676575899124146, 0.5904605388641357, 0.6098134517669678, 0.6419204473495483, 0.6702543497085571, 0.684066653251648], "best_f1_dev": 0.684066653251648, "best_loss_dev": 0.598330557346344, "confusion_matrix": [[6526, 2493], [2469, 4480]]}