{"train_loss": [10.339054800684636, 0.8451637323086079, 1.014898106455803], "dev_loss": [0.7480836510658264, 1.1130115985870361, 0.7015212774276733], "train_f1": [0.4483849299068634, 0.3805844747676299, 0.37694397929769297], "dev_f1": [0.35912707448005676, 0.3903931677341461, 0.3486414849758148], "best_f1_dev": 0.3903931677341461, "best_loss_dev": 0.7015212774276733, "confusion_matrix": [[2668, 0], [2326, 1]]}