{"train_loss": [348.3749209284782], "dev_loss": [5.5935587882995605], "train_f1": [0.4213042199611664], "dev_f1": [0.5348182320594788], "best_f1_dev": 0.5348182320594788, "best_loss_dev": 5.5935587882995605, "confusion_matrix": [[1079, 432], [772, 450]]}