{"train_loss": [24.44273138025351], "dev_loss": [0.9055675268173218], "train_f1": [0.4419968917704465], "dev_f1": [0.3767987787723541], "best_f1_dev": 0.3767987787723541, "best_loss_dev": 0.9055675268173218, "confusion_matrix": [[5612, 229], [4882, 182]]}