{"train_loss": [1.5235694602683738, 0.663211222048159, 0.6028803432429278], "dev_loss": [0.7464562058448792, 0.7054816484451294, 0.6801191568374634], "train_f1": [0.3847802733933484, 0.3975171888316119, 0.4677819885589458], "dev_f1": [0.3654511570930481, 0.39167794585227966, 0.5821776390075684], "best_f1_dev": 0.5821776390075684, "best_loss_dev": 0.6801191568374634, "confusion_matrix": [[3369, 950], [2028, 1325]]}